{"cameraMode":{"drawMode":0,"name":"Shaded","section":"Shading Mode"},"sceneLighting":false,"audioPlay":false,"sceneViewState":{"m_AlwaysRefresh":false,"showFog":true,"showSkybox":false,"showFlares":true,"showImageEffects":true,"showParticleSystems":true,"showVisualEffectGraphs":true,"m_FxEnabled":false},"in2DMode":false,"pivot":{"x":-0.09906768798828125,"y":-2.45257568359375,"z":0.04863739013671875},"rotation":{"x":-0.0479816272854805,"y":-0.00270045455545187,"z":0.0001287755585508421,"w":-0.9988470077514648},"size":2.3882977962493898,"orthographic":true}