{"cameraMode":{"drawMode":0,"name":"Shaded","section":"Shading Mode"},"sceneLighting":true,"audioPlay":false,"sceneViewState":{"m_AlwaysRefresh":false,"showFog":true,"showSkybox":true,"showFlares":true,"showImageEffects":true,"showParticleSystems":true,"showVisualEffectGraphs":true,"m_FxEnabled":false},"in2DMode":false,"pivot":{"x":443.97711181640627,"y":428.6322937011719,"z":29.831436157226564},"rotation":{"x":0.026995962485671045,"y":-0.007497197017073631,"z":0.00020247352949809283,"w":0.9996074438095093},"size":780.682861328125,"orthographic":true}