{"cameraMode":{"drawMode":0,"name":"Shaded","section":"Shading Mode"},"sceneLighting":false,"audioPlay":false,"sceneViewState":{"m_AlwaysRefresh":false,"showFog":true,"showSkybox":false,"showFlares":true,"showImageEffects":true,"showParticleSystems":true,"showVisualEffectGraphs":true,"m_FxEnabled":true},"in2DMode":false,"pivot":{"x":0.052280157804489139,"y":-0.8094678521156311,"z":-0.23695407807826997},"rotation":{"x":0.6829937696456909,"y":-0.036102429032325748,"z":0.03383588418364525,"w":0.7287474274635315},"size":1.0528407096862794,"orthographic":false}