{"cameraMode":{"drawMode":0,"name":"Shaded","section":"Shading Mode"},"sceneLighting":false,"audioPlay":false,"sceneViewState":{"m_AlwaysRefresh":false,"showFog":true,"showSkybox":false,"showFlares":true,"showImageEffects":true,"showParticleSystems":true,"showVisualEffectGraphs":true,"m_FxEnabled":false},"in2DMode":false,"pivot":{"x":2.384185791015625e-7,"y":1.4902355670928956,"z":-0.3692210912704468},"rotation":{"x":-0.017403997480869294,"y":-0.9703226089477539,"z":0.22975505888462068,"w":-0.07349865138530731},"size":7.966966152191162,"orthographic":true}