{"cameraMode":{"drawMode":0,"name":"Shaded","section":"Shading Mode"},"sceneLighting":false,"audioPlay":false,"sceneViewState":{"m_AlwaysRefresh":false,"showFog":true,"showSkybox":false,"showFlares":true,"showImageEffects":true,"showParticleSystems":true,"showVisualEffectGraphs":true,"m_FxEnabled":true},"in2DMode":false,"pivot":{"x":0.12583160400390626,"y":20.672439575195314,"z":-0.3977203369140625},"rotation":{"x":0.033939383924007419,"y":-0.9652183055877686,"z":0.20270362496376038,"w":0.16161349415779115},"size":75.50820922851563,"orthographic":false}