{"cameraMode":{"drawMode":0,"name":"Shaded","section":"Shading Mode"},"sceneLighting":false,"audioPlay":false,"sceneViewState":{"m_AlwaysRefresh":false,"showFog":true,"showSkybox":false,"showFlares":true,"showImageEffects":true,"showParticleSystems":true,"showVisualEffectGraphs":true,"m_FxEnabled":true},"in2DMode":false,"pivot":{"x":-0.7809324264526367,"y":0.5170822143554688,"z":0.6278011798858643},"rotation":{"x":-0.08228210359811783,"y":0.8629837036132813,"z":-0.14930081367492677,"w":-0.47560352087020876},"size":2.4016518592834474,"orthographic":false}